{"epoch": 250, "trainloss": 0.00025584170361980796, "validloss": 0.00023614237267111093, "trainacc": 75.57565789473684, "validacc": 62.8807178442029, "lea1_t": 8.252958292587209e-05, "lea2_t": 8.252958008370115e-05, "lea3_t": 8.252958184584713e-05, "ls_t": 8.252958352272799e-06, "lea1_v": 7.617495884915115e-05, "lea2_v": 7.617495791123474e-05, "lea3_v": 7.617496009970637e-05, "ls_v": 7.617496036615989e-06, "_timestamp": 1721549154.9375923, "_runtime": 52772.523297309875, "_step": 11, "test_predictions": {"_type": "table-file", "sha256": "1e3209d0b49e05eead407ad83a6650ccf2d10943ba6cb4db3e0307d7419e56e6", "size": 7952, "artifact_path": "wandb-client-artifact://qak0m6kpzgy99f2k8b8rdn7h0n94ycgx9g45kwyv6ihzwj6l3q43t3k870ck1r5jxise6mclm9x50rs6n6bx98mey6bcwtw069i2rjqjg6d2bt0i7ljiqv1hir9wz87r/test_predictions.table.json", "_latest_artifact_path": "wandb-client-artifact://csrpykq6pw75s3xmmq69w0b323znetk4vt521uhqpabqmatkcoweqh011bm9oiceo2qt0jl0z06cxl3bt6gsby4negilsl97jarv5axdyxy9la4kodo18w7t47v69bcc:latest/test_predictions.table.json", "path": "media/table/test_predictions_11_1e3209d0b49e05eead40.table.json", "ncols": 10, "nrows": 76}}